{
  "accuracy": 0.307,
  "precision_macro": 0.310618576671135,
  "recall_macro": 0.312118814429241,
  "f1_macro": 0.3054886604428771
}